region,r2_x,r2_y
M1,-0.0002431026732826025,0.04431213376762375
S1,-0.013235709415265907,0.02135260595615629
Other,-0.007866696633247572,0.017403427207553612
All,0.02677904767441419,0.067975235229488
