region,r2_x,r2_y
M1,,
S1,,
M1+S1,0.19476950369766874,0.1919831139172446
